{
    "mean": 388.70709228515625,
    "median": 267.0,
    "std": 1429.750244140625,
    "min": -174.0,
    "max": 60593.39453125,
    "p0.05": -58.74200000000002,
    "p0.95": -18.0
}