{
    "mean": 33.58964157104492,
    "median": 33.0,
    "std": 29.685544967651367,
    "min": -174.0,
    "max": 581.0,
    "p0.05": -78.0,
    "p0.95": -32.0
}