{
    "mean": 439.7892150878906,
    "median": 449.0,
    "std": 151.7947540283203,
    "min": 40.0,
    "max": 1342.0,
    "p0.05": 77.0,
    "p0.95": 125.0
}