{
    "mean": 284.1007385253906,
    "median": 278.0,
    "std": 50.78096008300781,
    "min": 81.0,
    "max": 836.0,
    "p0.05": 149.0,
    "p0.95": 184.0
}