{
    "mean": 10061.72265625,
    "median": 8679.6533203125,
    "std": 7050.419921875,
    "min": 694.8782348632812,
    "max": 60593.39453125,
    "p0.05": 740.8467205200195,
    "p0.95": 1559.0447664794922
}