{
    "mean": 5.078125,
    "median": 5.078125,
    "std": 0.390625,
    "min": 4.6875,
    "max": 5.46875,
    "p0.05": 4.687890625,
    "p0.95": 4.694921875
}