{
    "mean": 2.0019527673721313,
    "median": 0.9765620231628418,
    "std": 1.7867359926935182,
    "min": 0.9765620231628418,
    "max": 5.46875,
    "p0.05": 0.9765620231628418,
    "p0.95": 0.9765620231628418
}