{
    "mean": 0.9765620231628418,
    "median": 0.9765620231628418,
    "std": 0.0,
    "min": 0.9765620231628418,
    "max": 0.9765620231628418,
    "p0.05": 0.9765620231628418,
    "p0.95": 0.9765620231628418
}