{
    "mean": 3.2699999809265137,
    "median": 3.2699999809265137,
    "std": 0.0,
    "min": 3.2699999809265137,
    "max": 3.2699999809265137,
    "p0.05": 3.2699999809265137,
    "p0.95": 3.2699999809265137
}