{
    "mean": 3.2699599266052246,
    "median": 3.2699599266052246,
    "std": 0.0,
    "min": 3.2699599266052246,
    "max": 3.2699599266052246,
    "p0.05": 3.2699599266052246,
    "p0.95": 3.2699599266052246
}