{
    "mean": 3.2699583768844604,
    "median": 3.2699583768844604,
    "std": 3.5762786865234375e-07,
    "min": 3.269958019256592,
    "max": 3.269958734512329,
    "p0.05": 3.2699580196142195,
    "p0.95": 3.2699580260515213
}