{
    "mean": 3.269979566335678,
    "median": 3.269979953765869,
    "std": 2.04227250315123e-05,
    "min": 3.269958019256592,
    "max": 3.2699999809265137,
    "p0.05": 3.269958021759987,
    "p0.95": 3.2699580668210984
}